text	term	sentiment
judging from previous posts this used to be a good $T$ , but not any longer .	place	negative
we , there were four of us , arrived at noon - the place was empty - and the $T$ acted like we were imposing on them and they were very rude .	staff	negative
the $T$ was lousy - too sweet or too salty and the portions tiny .	food	negative
the $T$ was lousy - too sweet or too salty and the portions tiny .	food	negative
the $T$ was lousy - too sweet or too salty and the portions tiny .	food	negative
the food was lousy - too sweet or too salty and the $T$ tiny .	portions	negative
avoid this $T$ !	place	negative
i was very disappointed with this $T$ .	restaurant	negative
ive asked a $T$ for a lotus leaf wrapped rice and she replied back rice and just walked away .	cart attendant	negative
$T$ was dry ; pork shu mai was more than usually greasy and had to share a table with loud and rude family .	chow fun	negative
chow fun was dry ; $T$ was more than usually greasy and had to share a table with loud and rude family .	pork shu mai	negative
i / we will never go back to this $T$ again .	place	negative
the $T$ is very average . . . the thai fusion stuff is a bit too sweet , every thing they serve is too sweet here .	food	negative
the food is very average . . . the $T$ is a bit too sweet , every thing they serve is too sweet here .	thai fusion stuff	negative
the decor is night tho . . . but they really need to clean that vent in the ceiling . . . its quite un - appetizing , and kills your effort to make this $T$ look sleek and modern .	place	negative
the decor is night tho . . . but they really need to clean that vent in the ceiling . . . its quite un - appetizing , and kills your effort to make this $T$ look sleek and modern .	place	negative
the decor is night tho . . . but they really need to clean that $T$ in the ceiling . . . its quite un - appetizing , and kills your effort to make this place look sleek and modern .	vent	negative
however , it ' s the $T$ that leaves a bad taste in my mouth .	service	negative
i happen to have a policy that goes along with a little bit of self - respect , which includes not letting a $T$ intimidate me , i . e . make me feel bad asking for trivialities like water , or the check .	waiter	negative
i like the somosas , chai , and the chole , but the $T$ and dhal were kinda disappointing .	dhosas	negative
i like the somosas , chai , and the chole , but the dhosas and $T$ were kinda disappointing .	dhal	negative
the $T$ varys from day to day - sometimes they ' re very nice , and sometimes not .	service	negative
the $T$ however , is almost always slow .	kitchen	negative
the food was average to above - average ; the french onion soup filling yet not overly impressive , and the $T$ not brilliant in any way .	desserts	negative
however , go for the $T$ , and consider the food just a companion for a trip across the world !	ambience	negative
the $T$ was delivered cold and the cheese was n ' t even fully melted !	pizza	negative
the pizza was delivered cold and the $T$ was n ' t even fully melted !	cheese	negative
the $T$ is overpriced and soggy .	pizza	negative
the $T$ is overpriced and soggy .	pizza	negative
yes , they use fancy ingredients , but even fancy ingredients do n ' t make for good $T$ unless someone knows how to get the crust right .	pizza	negative
yes , they use fancy ingredients , but even fancy ingredients do n ' t make for good pizza unless someone knows how to get the $T$ right .	crust	negative
this $T$ is incredibly tiny .	place	negative
the $T$ is rude to the point of being offensive .	hostess	negative
the $T$ is rude to the point of being offensive .	hostess	negative
the $T$ was bland oily .	food	negative
but the $T$ is way to expensive .	pizza	negative
a large is $ 20 , and $T$ are about $ 3 each .	toppings	negative
i went there for $T$ and it was not as good as i expected from the reviews i read .	lunch	negative
$T$ was watery and the food did n ' t have much flavor .	sauce	negative
sauce was watery and the $T$ did n ' t have much flavor .	food	negative
the $T$ is small and cramped but the food is fantastic .	place	negative
the $T$ is small and cramped but the food is fantastic .	place	negative
the $T$ is n ' t the greatest , but i suppose that ' s how they keep the prices down .	atmosphere	negative
first it took us a long time to find the $T$ .	place	negative
but when we looked at the $T$ , there were n ' t a lot of choices , most of them were dumplings in the appetizer section .	menu	negative
those $T$ were big , but not good and sashimi was n ' t fresh .	rolls	negative
those rolls were big , but not good and $T$ was n ' t fresh .	sashimi	negative
admittedly some nights inside the $T$ were rather warm , but the open kitchen is part of the charm .	restaurant	negative
moules were excellent , $T$ was very salty !	lobster ravioli	negative
took my mom for mother ' s day , and the $T$ was pretty rude .	maitre d '	negative
tiny $T$ was $ 8 . 00 . . . just plain overpriced for what it is .	dessert	negative
tiny $T$ was $ 8 . 00 . . . just plain overpriced for what it is .	dessert	negative
tiny $T$ was $ 8 . 00 . . . just plain overpriced for what it is .	dessert	negative
when we stumbled on $T$ , we thought that we had found quite the gem but , we were certainly wrong .	leon	negative
the $T$ moved our table practically into the bathroom and when we asked to cancel our dinner orders because we did not want to eat sitting on the toilet , we were told no . . .	waitress	negative
rude $T$ , medicore food . . . there are tons of restaurants in ny . . . stay away from this one	service	negative
two complaints - - their $T$ stinks , it would be nice to get some mozzarella sticks on the menu .	appetizer selection	negative
$T$ is blantently unappreciative of your business but its the best pie on the uws !	wait staff	negative
food was very good as well , considering that we tried the budget selection ( though i wish the $T$ that i ordered was roasted a bit longer , so that fat was more of a melt - in - your - mouth experience ) .	pork belly	negative
traditional french decour was pleasant though the $T$ was rather noisy - the restaurant was full and we had to raise our voices to be able to maintain a conversation .	hall	negative
food is usually very good , though ocasionally i wondered about freshmess of $T$ .	raw vegatables in side orders	negative
the workers there also absolutely load the $T$ with cream cheese ( gets a little messy ) .	bagel	negative
this $T$ was way overhyped .	restaurant	negative
my $T$ was really bland and oily .	chow fun and chow see	negative
my $T$ was really bland and oily .	chow fun and chow see	negative
it ' s boring on the inside , and our $T$ was pretty below average . . . the tuna was soggy and the other rolls had no flavor .	sushi	negative
it ' s boring on the inside , and our sushi was pretty below average . . . the $T$ was soggy and the other rolls had no flavor .	tuna	negative
it ' s boring on the inside , and our sushi was pretty below average . . . the tuna was soggy and the other $T$ had no flavor .	rolls	negative
the price is reasonable although the $T$ is poor .	service	negative
i have reservations about the $T$ , however - - the choices are fairly limited and you can probably order more food than you can eat for less than $ 18 by just going off the menu .	all you can eat deal	negative
i have reservations about the $T$ , however - - the choices are fairly limited and you can probably order more food than you can eat for less than $ 18 by just going off the menu .	all you can eat deal	negative
the $T$ is noisy and the waiters are literally walking around doing things as fast as they can .	atmosphere	negative
sometimes i get bad $T$ and bad service , sometimes i get good good and bad service .	food	negative
sometimes i get bad food and bad $T$ , sometimes i get good good and bad service .	service	negative
sometimes i get bad food and bad $T$ , sometimes i get good good and bad service .	service	negative
mine was a little burnt but still delicious with goat cheese and panchetta ( $T$ was kind of bitter though ) .	raddichio	negative
$T$ was slow , but the people were friendly .	service	negative
$T$ was also horrible and the ambience is not that great .	service	negative
service was also horrible and the $T$ is not that great .	ambience	negative
we ordered some $T$ from the thai section of the menu but nothing we got was thai .	beef and noodle soup dishes	negative
we wo n ' t go to this place again for a good $T$ .	meal	negative
first of all , this $T$ is * not * romantic , as claimed by citysearch ' s editorial review .	place	negative
the $T$ are crammed way too close , the menu is typical of any italian restaurant , and the wine list is simply overpriced .	tables	negative
the $T$ are crammed way too close , the menu is typical of any italian restaurant , and the wine list is simply overpriced .	tables	negative
the tables are crammed way too close , the menu is typical of any italian restaurant , and the $T$ is simply overpriced .	wine list	negative
slightly above average $T$ start at $ 70 + with only one selection listed at $ 30 + .	wines	negative
slightly above average $T$ start at $ 70 + with only one selection listed at $ 30 + .	wines	negative
$T$ is not what one would expect from a joint in this price category .	service	negative
somehow working the italian charm with constant mille grazie does not constitute proper $T$ .	service	negative
to be completely fair , the only redeeming factor was the food , which was above average , but could n ' t make up for all the other deficiencies of $T$ .	teodora	negative
not one of our $T$ was edible - bland and / or made with weird rosemary or orange flavoring .	meals	negative
not one of our meals was edible - bland and / or made with weird $T$ .	rosemary or orange flavoring	negative
$T$ was overdone .	fish	negative
cute $T$ , nice wait staff but would never go there again .	place	negative
someone else recommended the $T$ - we also left that .	dessert	negative
skip this $T$ , it ' s a big disappointment .	restaurant	negative
skip this $T$ , it ' s a big disappointment .	restaurant	negative
the $T$ is small and intimate and you may feel a little crowded , but the service is excellent and it ' s great for friends out , a romantic date , or a special occassion .	place	negative
the $T$ is small and intimate and you may feel a little crowded , but the service is excellent and it ' s great for friends out , a romantic date , or a special occassion .	place	negative
the $T$ can get pricey but the prixe fixe tasting menu is the greatest food for a good price and they cater the food to any food allergies or food you do n ' t like .	food	negative
with the exception of our $T$ that had so much pepper on it that our eyes started watering , the food here was decent , not great .	lemon salad	negative
we ordered the special , $T$ , that was so infused with bone , it was difficult to eat .	grilled branzino	negative
problem is nothing at $T$ is particularly memorable .	prune	negative
the $T$ however , is what one might expect .	food	negative
$T$ was slow had to wait to order and get food although not crowded .	service	negative
$T$ way over priced .	drinks	negative
not impressed with the $T$ .	food	negative
prices too high for this cramped and unappealing $T$ .	resturant	negative
prices too high for this cramped and unappealing $T$ .	resturant	negative
prices too high for this cramped and unappealing $T$ .	resturant	negative
zero $T$ to boot .	ambiance	negative
i thought this $T$ was totally overrated .	place	negative
the ambience was nice , but $T$ was n ' t so great .	service	negative
despite a slightly limited $T$ , everything prepared is done to perfection , ultra fresh and a work of food art .	menu	negative
although the $T$ may be closely situated , the candle - light , food - quality and service overcompensate .	tables	negative
the $T$ and the waitress were incredibly rude and did everything they could to rush us out .	hostess	negative
the hostess and the $T$ were incredibly rude and did everything they could to rush us out .	waitress	negative
we were planning to get dessert but the $T$ basically through the bill at us before we had a chance to order .	waitress	negative
this $T$ is pricey , and yes , the food is worth it ; but the service makes you feel like you should be paying a quater of the price .	place	negative
this place is pricey , and yes , $T$ food is worth it ; but the service makes you feel like you should be paying a quater of the price .	the	negative
i ate here a week ago and found most $T$ average at best and too expensive .	dishes	negative
i ate here a week ago and found most $T$ average at best and too expensive .	dishes	negative
do n ' t dine at tamarind for the $T$ , they are simply not up to par with the non - veg selections .	vegetarian dishes	negative
$T$ is simply disgusting .	haru on park s	negative
the $T$ was not fresh and the rice tasted old and stale .	fish	negative
the fish was not fresh and the $T$ tasted old and stale .	rice	negative
the fish was not fresh and the $T$ tasted old and stale .	rice	negative
quite frankly , this is some of the worst $T$ i have ever tried .	sushi	negative
honestly the worst $T$ my husband and i had in our entire lives .	sushi	negative
not sure why this $T$ would be rated that highly .	restaurant	negative
the $T$ is definitely in very poor quality .	all - u - can - eat sushi	negative
the only things u could really taste are the very salty $T$ ( even its low sodium ) , the vinegar - soaked rice , and the scallion on top of the fish .	soy sauce	negative
the only things u could really taste are the very salty soy sauce ( even its low sodium ) , the vinegar - soaked $T$ , and the scallion on top of the fish .	rice	negative
i have been to $T$ twice and both times were very disappointing .	roth ' s	negative
both times i was extremely dissappointed by the $T$ , which was boarderline rude .	service	negative
both times i was extremely dissappointed by the $T$ , which was boarderline rude .	service	negative
the $T$ was ok , nothing i would have again .	dinner	negative
the $T$ can be a bit rude at times , esp if you have big group , but overall the restaurant is a must !	svc	negative
this restaurant is vegetarian ; there are no $T$ whatsoever .	meat dishes	negative
the $T$ are uncomfortable if you are sitting against the wall on wooden benches .	seats	negative
it ' s a rather cramped and busy $T$ and it closes early .	restaurant	negative
it ' s a rather cramped and busy $T$ and it closes early .	restaurant	negative
not a great $T$ for family or general dining .	place	negative
the only fallback on this $T$ is the prices .	restaurant	negative
the $T$ is $ 24 and although it was good it was not nearly enough to warrant that price .	lobster sandwich	negative
we ate at this thai place following the reviews but very unhappy with the $T$ .	foods	negative
we thought that this place is using too much of msg cooking in the $T$ .	foods	negative
i like cafe noir dont get me wrong , it is jsut that the $T$ who work there are evil and incompetent ! !	people	negative
i like cafe noir dont get me wrong , it is jsut that the $T$ who work there are evil and incompetent ! !	people	negative
the $T$ was terrible , we had to wait for everything and ask several of different people for the same thing before we were allowed to be served .	service	negative
the $T$ , seems to be more concerned of looking good than actually waitressing .	waitress	negative
after dinner the $T$ grabbed my boyfriend , asked him : where are you from . . . maybe you dont know how things work in america . . . and in the end stormed away almost teareyed yelling that tips are the only thing they survive on .	manager	negative
we did tip , i guess the model / $T$ just wanted more and complained to the manager .	waitress	negative
i was here a few weeks back and we had the worst $T$ experience at a restaurant ever .	customer service	negative
a $T$ , maybe the manager , came to our table , and without so much as a smile or greeting asked for our order .	gentleman	negative
i have tried to make reservations , but both times , the $T$ did n ' t have my name .	hostess	negative
the staff has been nice , but they seemed really stressed and the $T$ needs to be cleaned more often .	unisex bathroom	negative
but the $T$ was a bit slow .	service	negative
i would recommend roxy ' s for that , but not for their $T$ .	food	negative
consequently , their $T$ fell apart in their hands and made such a mess that they did ' nt feel like finishing them .	burgers	negative
this place is really trendi but they have forgotten about the most important part of a restaurant , the $T$ .	food	negative
the last two times i ordered from here my $T$ was soo spicy that i could barely eat it , and the spice took away from the flavor of the dish .	food	negative
the last two times i ordered from here my food was soo spicy that i could barely eat it , and the $T$ took away from the flavor of the dish .	spice	negative
and the $T$ was pathetic .	tom kha soup	negative
if you want good authentic $T$ this place is not the place to go .	thai	negative
if you want good authentic $T$ this place is not the place to go .	thai	negative
average to good thai food , but terrible $T$ .	delivery	negative
the $T$ arrived 20 minutes after i called , cold and soggy .	food	negative
the $T$ arrived 20 minutes after i called , cold and soggy .	food	negative
guacamole + shrimp appetizer was really great , we both had the filet , very good , did n ' t much like the $T$ that came with , but the filet was so good , neither of us cared .	frites	negative
the $T$ was mediocre at best but it was the horrible service that made me vow never to go back .	food	negative
the food was mediocre at best but it was the horrible $T$ that made me vow never to go back .	service	negative
immediately after we paid , the $T$ took the money and said , okay , you guys are outta here .	waiter	negative
for the people who want great $T$ plus great service , roxy is a place to avoid !	food	negative
for the people who want great food plus great $T$ , roxy is a place to avoid !	service	negative
the first time the $T$ was outstanding , the second time it was a little bland .	sushi	negative
the first time the $T$ was outstanding , the second time it was a little bland .	sushi	negative
the $T$ was bland and small , dessert was not inspired .	entree	negative
the $T$ was bland and small , dessert was not inspired .	entree	negative
the entree was bland and small , $T$ was not inspired .	dessert	negative
i expected quite a bit more from such an expensive $T$ .	menu	negative
i expected quite a bit more from such an expensive $T$ .	menu	negative
even if the $T$ was n ' t this good , the garden is a great place to sit outside and relax .	food	negative
their $T$ are horrific , bad , vomit - inducing , yuck .	calzones	negative
their $T$ are horrific , bad , vomit - inducing , yuck .	calzones	negative
their $T$ are horrific , bad , vomit - inducing , yuck .	calzones	negative
their $T$ are horrific , bad , vomit - inducing , yuck .	calzones	negative
the $T$ is bad .	counter service	negative
no $T$ for me !	pizza 33	negative
the $T$ are skimpy , unattractive and drip with grease , and personally i ' d drink popcorn topping before i ' d eat another one of these .	dosas	negative
the $T$ are skimpy , unattractive and drip with grease , and personally i ' d drink popcorn topping before i ' d eat another one of these .	dosas	negative
the $T$ are dry , tasteless and way overpriced .	sandwiches	negative
the $T$ are dry , tasteless and way overpriced .	sandwiches	negative
the $T$ are dry , tasteless and way overpriced .	sandwiches	negative
the $T$ are dry , tasteless and way overpriced .	sandwiches	negative
the $T$ are dry , tasteless and way overpriced .	sandwiches	negative
the $T$ are dry , tasteless and way overpriced .	sandwiches	negative
calling the $T$ hampton chutney co . does warn you that these folks offer more style than substance , but in this unattractive room with unhelpful clerks there was a dearth of the former too .	place	negative
calling the place hampton chutney co . does warn you that these folks offer more style than substance , but in this unattractive $T$ with unhelpful clerks there was a dearth of the former too .	room	negative
calling the place hampton chutney co . does warn you that these folks offer more style than substance , but in this unattractive room with unhelpful $T$ there was a dearth of the former too .	clerks	negative
but who says murray ' s is anything about $T$ .	service	negative
the $T$ is awful .	service	negative
this $T$ is not worth the prices .	place	negative
this $T$ is not worth the prices .	place	negative
i asked for an open faced cheese sandwich and the $T$ basically told me to take my business elsewhere !	manager	negative
the $T$ was soy sauce and water .	soup for the udon	negative
the $T$ was awful !	sushi	negative
the $T$ was poor quality and was cooked so badly it was hard .	rice	negative
the $T$ was poor quality and was cooked so badly it was hard .	rice	negative
the $T$ was poor quality and was cooked so badly it was hard .	rice	negative
furthermore , the $T$ had no seasoning , so the sushi was bland and disgusting .	rice	negative
furthermore , the rice had no seasoning , so the $T$ was bland and disgusting .	sushi	negative
furthermore , the rice had no seasoning , so the $T$ was bland and disgusting .	sushi	negative
the $T$ was adequate , but inexpertly sliced .	fish	negative
the $T$ was adequate , but inexpertly sliced .	fish	negative
it is obvious that no one in the restaurant has any idea about or experience with $T$ .	japanese cuisine	negative
well , this $T$ is so ghetto its not even funny .	place	negative
well , this $T$ is so ghetto its not even funny .	place	negative
if you like your music blasted and the system isnt that great and if you want to pay at least 100 dollar $T$ minimun then you ' ll love it here .	bottle	negative
if you like your $T$ blasted and the system isnt that great and if you want to pay at least 100 dollar bottle minimun then you ' ll love it here .	music	negative
during the course of the past 3 months , the $T$ and staff changed and it was not for the better .	chef	negative
during the course of the past 3 months , the chef and $T$ changed and it was not for the better .	staff	negative
the $T$ now is inconsistent .	food	negative
the $T$ here is long for dim sum , but if you do n ' t like sharing tables or if the typical raucous dim sum atmosphere is not your gig , this is a sleek ( for chinatown ) alternative .	wait	negative
the wait here is long for dim sum , but if you do n ' t like sharing tables or if the typical raucous dim sum $T$ is not your gig , this is a sleek ( for chinatown ) alternative .	atmosphere	negative
a few tips : skip the $T$ , roast pork buns and egg custards .	turnip cake	negative
a few tips : skip the turnip cake , $T$ and egg custards .	roast pork buns	negative
a few tips : skip the turnip cake , roast pork buns and $T$ .	egg custards	negative
the $T$ is a bit noisy but that is something that can be overlooked once you sit down and enjoy a great meal	restaurant	negative
the pad se ew chicken was delicious , however the $T$ was far too oily .	pad thai	negative
this place would be so much better served by being run by a group that actually understands $T$ .	customer service	negative
terrible , terrible $T$ - deserves to be shut - down .	management	negative
terrible , terrible $T$ - deserves to be shut - down .	management	negative
$T$ and toppings are great - though a bit pricey .	spreads	negative
spreads and $T$ are great - though a bit pricey .	toppings	negative
the $T$ is decent at best , and the ambience , well , it ' s a matter of opinion , some may consider it to be a sweet thing , i thought it was just annoying .	food	negative
the food is decent at best , and the $T$ , well , it ' s a matter of opinion , some may consider it to be a sweet thing , i thought it was just annoying .	ambience	negative
their $T$ are fine , but they are a little overcooked , and not really a ' special ' bagel experience .	bagels	negative
their $T$ are fine , but they are a little overcooked , and not really a ' special ' bagel experience .	bagels	negative
drawbacks : $T$ is slow and they do n ' t toast !	service	negative
downtown dinner 2002 - prixe fix : appetizers were ok , $T$ gave me poor suggestion . . . try the potato stuff kanish best one .	waiter	negative
downtown dinner 2002 - prixe fix : appetizers were ok , $T$ gave me poor suggestion . . . try the potato stuff kanish best one .	waiter	negative
$T$ is a joke . . . dont bother	dessert	negative
too bad the $T$ was n ' t of the same heritage .	food	negative
the $T$ was tasteless , so was the seafood tagliatelle .	porcini mushroom pasta special	negative
the porcini mushroom pasta special was tasteless , so was the $T$ .	seafood tagliatelle	negative
but that was n ' t the icing on the cake : a $T$ that resembled nothing i have ever had .	tiramisu	negative
it ' s definately not a $T$ to go if you want to impress someone .	place	negative
while the ambiance and atmosphere were great , the $T$ and service could have been a lot better .	food	negative
while the ambiance and atmosphere were great , the food and $T$ could have been a lot better .	service	negative
we ordered the $T$ , but what we got were a few small pieces of chicken , all dark meat and on the bone .	chicken casserole	negative
we ordered the $T$ , but what we got were a few small pieces of chicken , all dark meat and on the bone .	chicken casserole	negative
skip $T$ .	dessert	negative
do n ' t miss $T$ on your next trip to manhatten .	bloom ' s	negative
the $T$ was not fresh , the sauces were bland and very oily .	food	negative
the food was not fresh , the $T$ were bland and very oily .	sauces	negative
the food was not fresh , the $T$ were bland and very oily .	sauces	negative
$T$ was a little soggy .	pizza	negative
not enough $T$ either .	wines by the glass	negative
the $T$ was actually aweful .	food	negative
the $T$ were the fishiest things i ' ve ever tasted , the seabass was bland , the goat cheese salad was missing the goat cheese , the penne w / chicken had bones in it . . . it was disgusting .	mussles	negative
the mussles were the fishiest things i ' ve ever tasted , the $T$ was bland , the goat cheese salad was missing the goat cheese , the penne w / chicken had bones in it . . . it was disgusting .	seabass	negative
the mussles were the fishiest things i ' ve ever tasted , the seabass was bland , the $T$ was missing the goat cheese , the penne w / chicken had bones in it . . . it was disgusting .	goat cheese salad	negative
the mussles were the fishiest things i ' ve ever tasted , the seabass was bland , the goat cheese salad was missing the goat cheese , the $T$ had bones in it . . . it was disgusting .	penne w / chicken	negative
the $T$ was delicious but do not come here on a empty stomach .	food	negative
the $T$ are small but being that the food was so good makes up for that .	portions	negative
$T$ is not what you are coming here for . . .	service	negative
if you do n ' t mind pre - sliced low quality $T$ , unfriendly staff and a sushi chef that looks like he is miserable then this is your place .	fish	negative
if you do n ' t mind pre - sliced low quality fish , unfriendly $T$ and a sushi chef that looks like he is miserable then this is your place .	staff	negative
if you do n ' t mind pre - sliced low quality fish , unfriendly staff and a $T$ that looks like he is miserable then this is your place .	sushi chef	negative
price and quality of $T$ alone will keep us from making a return visit .	fish	negative
price and quality of $T$ alone will keep us from making a return visit .	fish	negative
was n ' t going to share but i feel obligated . . . while sitting at the sushi bar dining we watched the $T$ accidentally drop a piece of unagi on the floor and upon retrieving it from the floor proceed to use the piece in the delivery order he was preparing .	chef	negative
we were seated outside and the $T$ spilled red wine and hot tea on myself and my date .	waiter	negative
one would think we ' d get an apology or complimentary drinks - instead , we got a snobby $T$ would n ' t even take our order for 15 minutes and gave us lip when we asked him to do so .	waiter	negative
with so many good restaurants on the uws , i do n ' t need overpriced $T$ , absurdly arrogant wait - staff who do n ' t recognize they work at a glorified diner , clumsy service , and management that does n ' t care .	food	negative
with so many good restaurants on the uws , i do n ' t need overpriced food , absurdly arrogant $T$ who do n ' t recognize they work at a glorified diner , clumsy service , and management that does n ' t care .	wait - staff	negative
with so many good restaurants on the uws , i do n ' t need overpriced food , absurdly arrogant wait - staff who do n ' t recognize they work at a glorified diner , clumsy $T$ , and management that does n ' t care .	service	negative
with so many good restaurants on the uws , i do n ' t need overpriced food , absurdly arrogant wait - staff who do n ' t recognize they work at a glorified diner , clumsy service , and $T$ that does n ' t care .	management	negative
i am relatively new to the area and tried pick a bgel on 2nd and was disappointed with the $T$ and i thought the food was overated and on the pricey side .	service	negative
i am relatively new to the area and tried pick a bgel on 2nd and was disappointed with the service and i thought the $T$ was overated and on the pricey side .	food	negative
i am relatively new to the area and tried pick a bgel on 2nd and was disappointed with the service and i thought the $T$ was overated and on the pricey side .	food	negative
the only problem is that the $T$ is a complete incompetent .	manager	negative
he offers subpar $T$ and has no personality .	service	negative
there is no excuse for such lousy $T$ !	service	negative
there is a downside if you ' re ordering in - - the $T$ have major attitude .	delivery guys	negative
never have i had such dramatic $T$ ( a lot of huffing and panting and muttering under breath b / c i live in a walkup ) who always seem disappointed with their tips .	delivery guys	negative
the $T$ was pretty extra buttery , creamy which means a big task to diggest . . tasty at first but i would say that i was full with a slice of pizza and 7 to count , penne . . . got a little moody afterwards cause was stuffed . . . lol	pasta penne	negative
the $T$ was pretty extra buttery , creamy which means a big task to diggest . . tasty at first but i would say that i was full with a slice of pizza and 7 to count , penne . . . got a little moody afterwards cause was stuffed . . . lol	pasta penne	negative
it was totally overpriced - $T$ was about $ 15 . . . .	fish and chips	negative
excellent food , although the $T$ could use some help .	interior	negative
$T$ can be spot on or lacking depending on the weather and the day of the week .	delivery	negative
$T$ sometimes get upset if you do n ' t tip more than 10 % .	delivery guy	negative
the $T$ is limited so be prepared to wait up to 45 minutes - 1 hour , but be richly rewarded when you savor the delicious indo - chinese food .	space	negative
had no flavor and the $T$ is rude and not attentive .	staff	negative
had no flavor and the $T$ is rude and not attentive .	staff	negative
worst $T$ on smith street in brooklyn	place	negative
very immature $T$ , didnt know how to make specific drinks , service was so slowwwww , the food was not fresh or warm , waitresses were busy flirting with men at the bar and werent very attentive to all the customers .	bartender	negative
very immature bartender , didnt know how to make specific drinks , $T$ was so slowwwww , the food was not fresh or warm , waitresses were busy flirting with men at the bar and werent very attentive to all the customers .	service	negative
very immature bartender , didnt know how to make specific drinks , service was so slowwwww , the $T$ was not fresh or warm , waitresses were busy flirting with men at the bar and werent very attentive to all the customers .	food	negative
very immature bartender , didnt know how to make specific drinks , service was so slowwwww , the food was not fresh or warm , $T$ were busy flirting with men at the bar and werent very attentive to all the customers .	waitresses	negative
i would never recommend this $T$ to anybody even for a casual dinner .	place	negative
i would never recommend this $T$ to anybody even for a casual dinner .	place	negative
overpriced $T$ with mediocre service	japanese food	negative
$T$ was luke warm .	food	negative
i was looking for banana tempura for $T$ and they dont have .	dessert	negative
not because you are ` ` $T$ ` ` . . . – you are allowed to charge an arm and a leg for a romatic dinner .	the four seasons	negative
the food was excellent as well as service , however , i left $T$ very dissappointed .	the four seasons	negative
i do not think $T$ in manhattan should cost $ 400 . 00 where i am not swept off my feet .	dinner	negative
gross $T$ – wow -	food	negative
i ca n ' t remember the last time i had such gross $T$ in new york .	food	negative
and $ 11 for a plate of bland $T$ ?	guacamole	negative
and $ 11 for a plate of bland $T$ ?	guacamole	negative
do n ' t get me started on the $T$ , either .	margaritas	negative
oh , and i never write reviews - - i just was so moved by how bad this $T$ was , i felt it was my duty to spread the word .	place	negative
we were offered water for the table but were not told the $T$ were $ 8 a piece .	voss bottles of water	negative
a weakness is the $T$ .	chicken in the salads	negative
also , i personally was n ' t a fan of the $T$ .	portobello and asparagus mole	negative
i ' ve enjoyed 99 % of the $T$es we ' ve ordered with the only exceptions being the occasional too - authentic - for - me dish ( i ' m a daring eater but not that daring ) .	dish	negative
$T$ ok but unfriendly , filthy bathroom .	service	negative
$T$ ok but unfriendly , filthy bathroom .	service	negative
service ok but unfriendly , filthy $T$ .	bathroom	negative
the $T$ were eh , ok to say the least .	bar drinks	negative
the $T$ was horrid . . . tasted like cardboard .	stuff tilapia	negative
we thought the $T$ would be better , wrong !	dessert	negative
oh speaking of bathroom , the $T$ was disgusting .	mens bathroom	negative
the wine list was extensive - though the $T$ did not seem knowledgeable about wine pairings .	staff	negative
the $T$ we received was horrible - rock hard and cold - and the ` ` free ' ' appetizer of olives was disappointing .	bread	negative
the $T$ we received was horrible - rock hard and cold - and the ` ` free ' ' appetizer of olives was disappointing .	bread	negative
the $T$ we received was horrible - rock hard and cold - and the ` ` free ' ' appetizer of olives was disappointing .	bread	negative
the dessert ( we had a pear torte ) was good - but , once again , the $T$ was unable to provide appropriate drink suggestions .	staff	negative
when we inquired about ports - the $T$ listed off several but did not know taste variations or cost .	waitress	negative
all in all , i would return - as it was a beautiful restaurant - but i hope the $T$ pays more attention to the little details in the future .	staff	negative
the service was extremely fast and attentive ( thanks to the service button on your table ) but i barely understood 1 word when the $T$ took our order .	waiter	negative
over all the looks of the place exceeds the actual $T$ .	meals	negative
so what you really end up paying for is the $T$ not the food .	restaurant	negative
so what you really end up paying for is the restaurant not the $T$ .	food	negative
maggot in the $T$ !	food	negative
nevertheless , i finished my plate , and that ' s when i found a maggot in $T$ at the bottom .	mushroom sauce	negative
i showed it to the $T$ , and he smilingly apologized and brought us two free desserts ( but did not ask us what we wanted and so brought the last two desserts we would have asked for ) .	manager	negative
the $T$ finally said he would com # # p the two glasses of wine ( which cost less than the food ) , and made it seem like a big concession .	manager	negative
i have worked in restaurants and cook a lot , and there is no way a maggot should be able to get into well prepared $T$ .	food	negative
for a restaurant with such a good reputation and that is usually so packed , there was no reason for such a lack of intelligent $T$ .	customer service	negative
i got hair in my $T$ 2 times of then !	food	negative
mazing $T$ .	interior	negative
the $T$ was pretty nice but had a bit lacking , which it tries to make up for with a crazy scheme of mirrors .	atmosphere	negative
the atmosphere was pretty nice but had a bit lacking , which it tries to make up for with a crazy $T$ .	scheme of mirrors	negative
despite the confusing $T$ this will likely be my go - to for modern japanese food for the foreseeable future .	mirrors	negative
the chicken lollipop is my favorite , most of the $T$ ( i have to agree with a previous reviewer ) are quite oily and very spicy , espeically the chilli chicken .	dishes	negative
the chicken lollipop is my favorite , most of the $T$ ( i have to agree with a previous reviewer ) are quite oily and very spicy , espeically the chilli chicken .	dishes	negative
the chicken lollipop is my favorite , most of the dishes ( i have to agree with a previous reviewer ) are quite oily and very spicy , espeically the $T$ .	chilli chicken	negative
the chicken lollipop is my favorite , most of the dishes ( i have to agree with a previous reviewer ) are quite oily and very spicy , espeically the $T$ .	chilli chicken	negative
my mom originally introduced me to this place , but even she ( being indian ) feels the $T$ can be somewhat over the top spicy and far too oily .	food	negative
my mom originally introduced me to this place , but even she ( being indian ) feels the $T$ can be somewhat over the top spicy and far too oily .	food	negative
i was speechless by the horrible $T$ .	food	negative
i attended a holiday dinner at the restaurant , and the $T$ was majorly disappointing .	food	negative
this $T$ survives on reputation alone .	place	negative
for me $T$ a little oily , but overall dining experience good .	dishes	negative
be prepared to wait , because the $T$ is pretty tiny .	place	negative
be prepared to wait , because the $T$ is pretty tiny .	place	negative
even though the $T$ is not beautiful , the food speaks for itself .	place	negative
but $ 500 for a $T$ that did n ' t include wine ?	dinner for two	negative
yes , the $T$ is classy and beautiful , but they most certainly target the uber whealthy not the common joe that wants to go all out every once in a while .	place	negative
yes , the $T$ is classy and beautiful , but they most certainly target the uber whealthy not the common joe that wants to go all out every once in a while .	place	negative
$T$ : pure disaster .	dessert	negative
i read reviews that called the $T$ too expensive and i thought to myself , but may be it is worth it .	restaurant	negative
i read reviews that called the $T$ too expensive and i thought to myself , but may be it is worth it .	restaurant	negative
$T$ has history and it is a sort of landmark of new york city restaurants , but trust me , they will charge you through the nose just so that you can say ` ` i ' ve been to the four seasons restaurant ' ' .	the four seasons	negative
all in all , the food was great ( except for the $T$ ) .	dessserts	negative
if you are going for the $T$ , it will not be worth it .	food	negative
you would think they would make up for it with $T$ , sadly , no .	service	negative
$T$ was just ok , it is not what you ' d expect for $ 500 .	service	negative
i agree that dining at $T$ is like no other dining experience !	casa la femme	negative
i literally just got back home after visiting $T$ and was so offended by my visit felt it necessary to try and warn other diners who value their money and time .	casa la femme	negative
i literally just got back home after visiting $T$ and was so offended by my visit felt it necessary to try and warn other diners who value their money and time .	casa la femme	negative
we also asked for hooka six times and the $T$ kept telling us one minute and never returning with the hooka .	waiter	negative
after the 4th time i asked again and the $T$ than said after our dinner .	waiter	negative
we asked for sides which the $T$ than admitted that he forgot to put in that part of our order .	waiter	negative
my $T$ was inedible as there were so many fatty lumps which i had to keep spitting out into my napkin .	chicken	negative
i would not expect this for a $ 55 $T$ .	dinner	negative
i would not expect this for a $ 55 $T$ .	dinner	negative
if it seemed possible to do so while there i would have fought my bill since my dinner portion of my $T$ was inedible !	meal	negative
i have never left a $T$ feeling as if i was abused , and wasted my hard earned money .	restaurant	negative
i have never left a $T$ feeling as if i was abused , and wasted my hard earned money .	restaurant	negative
there was no tap $T$ that evening , which was a disappointment .	beer	negative
not much of a $T$ either , we went with brahma .	selection of bottled beer	negative
the appetizers we ordered were served quickly - an order of $T$ were delicious but a tiny portion ( maybe 3 of each ) .	fried oysters and clams	negative
the $T$ ( special of the day ) were ok , but pretty tasteless .	lobster knuckles	negative
the $T$ ( special of the day ) were ok , but pretty tasteless .	lobster knuckles	negative
i believe there were 2 shrimp in the $T$ .	` ` salt encrusted shrimp ' ' appetizer	negative
everyone seemed generally happy with their food , except my brother who had the $T$ , seemingly drenched in grapfruit juice !	grilled mahi mahi	negative
everyone seemed generally happy with their food , except my brother who had the $T$ , seemingly drenched in grapfruit juice !	grilled mahi mahi	negative
all in all the $T$ was good - a little on the expensive side , but fresh .	food	negative
$T$ not the friendliest to our ` ` large party ' ' !	service	negative
also , $T$ try to push more food on you , like suggest things as if they are complimentary when they actually cost $ .	waiters	negative
but if you ' re prepared to spend some $ and remember to ask if something they offer is complimentary , then this is the $T$ to go for indian food	place	negative
i have never been so disgusted by both $T$ an service .	food	negative
i have never been so disgusted by both food an $T$ .	service	negative
however , once i received my predictably mediocre order of what dokebi thinks passes as korean fair , ( sometimes you have to settle when it ' s your only option ) , i got through about half my $T$ before i found a piece of random lettuce accompanied by a far more disgusting , slimy , clearly bad piece of fish skin .	kimchee	negative
however , once i received my predictably mediocre order of what dokebi thinks passes as korean fair , ( sometimes you have to settle when it ' s your only option ) , i got through about half my $T$ before i found a piece of random lettuce accompanied by a far more disgusting , slimy , clearly bad piece of fish skin .	kimchee	negative
however , once i received my predictably mediocre order of what dokebi thinks passes as korean fair , ( sometimes you have to settle when it ' s your only option ) , i got through about half my $T$ before i found a piece of random lettuce accompanied by a far more disgusting , slimy , clearly bad piece of fish skin .	kimchee	negative
however , once i received my predictably mediocre order of what dokebi thinks passes as $T$ , ( sometimes you have to settle when it ' s your only option ) , i got through about half my kimchee before i found a piece of random lettuce accompanied by a far more disgusting , slimy , clearly bad piece of fish skin .	korean fair	negative
my main concern was the sanity of the $T$ that was being sent out to myself and others , but i would be lying is i said that as someone who has worked in restaurants since the age of fifteen i was expecting at least a minimal effort on the part of the restaurant to amend the situation .	food	negative
my girlfriend , being slightly more aggressive , and having been equally disgusted causing her to throw out the remainder of her barely eaten $T$ , called back only to be informed that i was probably wrong and that it was most likely an oyster , and that we were also blacklisted from their restaurant .	meal	negative
it was n ' t as if this $T$ had any major bragging points before hand , but now it ' s simply repulsive .	restaurant	negative
the bibimbap was average , but the $T$ was n ' t even close to sizzling .	stone bowl	negative
too bad i had paid an extra $ 2 for the $T$ .	stone bowl	negative
the $T$ was horrible .	nakgi - bokum	negative
easily the worst $T$ i ' ve ever tasted .	stir - fried squid	negative
the $T$ tasted more like chinese fast food than decent korean .	sauce	negative
the real problem i had with this place was the complete lack of $T$ .	service	negative
my wife had barely touched that mess of a $T$ .	dish	negative
the $T$ leaves much to be desired , from feeling like you are rushed the place your order , to being ignored the rest of the night .	service	negative
they are extremely rude , not even apologizing for the horrible $T$ we got and handing us a bill well over $ 500 for some drinks adn their pita bread !	service	negative
they are extremely rude , not even apologizing for the horrible service we got and handing us a bill well over $ 500 for some $T$ adn their pita bread !	drinks	negative
they are extremely rude , not even apologizing for the horrible service we got and handing us a bill well over $ 500 for some drinks adn their $T$ !	pita bread	negative
price is high but the $T$ is good , so i would come back again .	food	negative
this $T$ does n ' t make any sense	place	negative
this place has totally weird $T$ , stairs going up with mirrored walls - i am surprised how no one yet broke their head or fall off the stairs - mirrored walls make you dizzy and delusional . . .	decor	negative
this place has totally weird decor , stairs going up with $T$ - i am surprised how no one yet broke their head or fall off the stairs - mirrored walls make you dizzy and delusional . . .	mirrored walls	negative
this place has totally weird decor , stairs going up with $T$ - i am surprised how no one yet broke their head or fall off the stairs - mirrored walls make you dizzy and delusional . . .	mirrored walls	negative
this $T$ is not inviting and the food is totally weird .	place	negative
this place is not inviting and the $T$ is totally weird .	food	negative
the concept of $T$ is newly created and clearly does n ' t work .	japanese tapas	negative
the food was great and tasty , but the $T$ was too small , i do n ' t like being cramp in a corner .	sitting space	negative
the $T$ at flatbush farm appear to have perfected that ghastly technique of making you feel guilty and ashamed for deigning to attract their attention .	servers	negative
a different $T$ enhanced the fun , dumping our entrees in front of us halfway through our appetizer ( which was delicious ) .	server	negative
how is this $T$ still open ?	palce	negative
everything was going good until we got our $T$ .	meals	negative
i took one look at the $T$ and i was appalled .	chicken	negative
it was served with skin , over a bed of extremely undercooked $T$ and mashed potatoes .	spinach	negative
i took one bite from the $ 24 $T$ , and i have never , in the 17 years i have been going to restaurants tasted salmon as fishy , as dry , and as bland as the one in flatbush farms .	salmon	negative
i took one bite from the $ 24 $T$ , and i have never , in the 17 years i have been going to restaurants tasted salmon as fishy , as dry , and as bland as the one in flatbush farms .	salmon	negative
i took one bite from the $ 24 $T$ , and i have never , in the 17 years i have been going to restaurants tasted salmon as fishy , as dry , and as bland as the one in flatbush farms .	salmon	negative
i took one bite from the $ 24 $T$ , and i have never , in the 17 years i have been going to restaurants tasted salmon as fishy , as dry , and as bland as the one in flatbush farms .	salmon	negative
at this point , the $T$ comes over and asks us if everything was okay , i was literally so shocked that i was speechless and did n ' t say anything , and guess what , the waitress walked away .	waitress	negative
so , i switch with my boyfriend again to see if maybe i could stomach the meat and $T$ again , but the spinach was so undercooked that i just could not bite through it .	spinach	negative
this is where it really really gets bad : the $T$ said , there is absolutely nothing we can do , it ' s a matter of taste that she did n ' t like it , and i can not comp it .	manager	negative
the $T$ came to the table and said we can do what we want , so we paid for what we did enjoy , the drinks and appetizers , and walked out .	manager	negative
this $T$ should be fired .	staff	negative
if i could give 0 stars i would do so for this $T$ .	place	negative
this $T$ . . . god where do i begin .	place	negative
the decor however seems to be the distraction so you wo n ' t notice that you just payed 300 bucks for some cold $T$ that took 2 frickin hours to come ! ! ! !	eggplant	negative
the decor however seems to be the distraction so you wo n ' t notice that you just payed 300 bucks for some cold $T$ that took 2 frickin hours to come ! ! ! !	eggplant	negative
only complaint is the pricing - - i believe it would be more reasonable to pay a dollar less on each item listed on the $T$ .	menu	negative
fabulous food - if the $T$ do n ' t put you off –	front of house staff	negative
each time we ' ve been , the $T$ ( not the waiters - they ' re fantastic - but the people who greet and seat you ) has been so hideous to us that were it not for the exceptional fish dishes i would never return .	front of house staff	negative
as $T$ does n ' t take reservations you almost always have to wait by the bar - and be abused by the front of house staff until you are seated , which can be over an hour later !	bfc	negative
as bfc does n ' t take reservations you almost always have to wait by the bar - and be abused by the $T$ until you are seated , which can be over an hour later !	front of house staff	negative
the frizzy retro $T$ ( with winged / dame edna glasses ) will yell at you if you try to order a drink .	girl	negative
i ' d be horrified if my $T$ were turning away customers so early and so rudely !	staff	negative
there ' s another $T$ who i ca n ' t describe , she is about 5 ' 6 ' ' with brown hair , who eavesdrops on your conversation and chimes in - except she only hears the last part of what you said , so her uninvited opinions are often out of context and nothing to do with what you ' re * really * talking about .	girl	negative
considering you will spend at least $ 60 a head , i expect better $T$ .	service	negative
$T$ - ' ' eat and get out ' '	maitre - d	negative
this guy refused to seat her and she left , followed shortly by the four of us , but not before i told him that in my 40 years of world travel , including paris , that i had never seen such a display of bad behavior by a $T$ in a restaurant .	frontman	negative
at first glance this place seems a bit pricey for a hot dog joint , but at $T$ you do n ' t just get your average hot dog .	bark	negative
poor $T$ and management	service	negative
poor service and $T$	management	negative
had an awful experience at $T$ on a saturday dinner .	casa la femme	negative
the $T$ was rude and handled the situation extremely poorly .	manager	negative
the $T$ was rude and handled the situation extremely poorly .	manager	negative
can ’ t believe how an expensive nyc $T$ can be so disrespectful to its clients .	restaurant	negative
there is no way it justifies the accolades it receives , the attitude of the $T$ or the wait for a table .	staff	negative
there is no way it justifies the accolades it receives , the attitude of the staff or the $T$ for a table .	wait	negative
mistakes happen , but they are usually accompanied by an apology , perhaps even a glass of wine . . . but not the grunt that we received from the al di la $T$ .	staff	negative
the $T$ was well cooked , did n ' t have enough sauce though or flavor .	pasta	negative
the $T$ was rude and i got a distinct feeling that they did not want to serve us .	hostess	negative
the only thing that my friend left out is that when we sat down at the bar the $T$ disappeared .	bartender	negative
i asked for a menu and the same $T$ looked at my like i was insane .	waitress	negative
i was shocked that my friends wanted to stay after the $T$ said , ` ` can i help you ' ' and ` ` how many are in your party . ' '	waitress	negative
bad $T$	staff	negative
but the $T$ is horrid !	service	negative
i was there for brunch recently , and we were tag teamed by a $T$ and a waiter .	waitress	negative
i was there for brunch recently , and we were tag teamed by a waitress and a $T$ .	waiter	negative
the $T$ delivered our food while holding what appeared to be a plastic bag of garbage in one hand .	waiter	negative
the $T$ came to check in on us every few minutes , and began to clear the plates while half of us were still eating ( a big pet peeve of mine that happens almost everywhere , so i try to ignore it ) .	waitress	negative
i wish i could like this $T$ more , and i wish someone would retrain the staff .	place	negative
i wish i could like this place more , and i wish someone would retrain the $T$ .	staff	negative
also , specify if you like your $T$ spicy - its rather bland if you do n ' t .	food	negative
i ' m still mad that i had to pay for lousy $T$ .	food	negative
the $T$ was like rubber and the tuna was flavorless not to mention it tasted like it had just been thawed .	hanger steak	negative
the hanger steak was like rubber and the $T$ was flavorless not to mention it tasted like it had just been thawed .	tuna	negative
the $T$ is very limited - i think we counted 4 or 5 entrees .	menu	negative
but the $T$ was so horrible to us .	staff	negative
decor is nice though $T$ can be spotty .	service	negative
i had their $T$ for brunch , which were the worst in my entire life , i tried removing the hollondaise sauce completely that was how failed it was .	eggs benedict	negative
the $T$ is limited but almost all of the dishes are excellent .	menu	negative
the whole set up is truly unprofessional and i wish cafe noir would get some good $T$ , because despite the current one this is a great place .	staff	negative
you should pass on the $T$ .	calamari	negative
thalia is a beautiful restaurant with beautiful people serving you , but the $T$ does n ' t quite match up .	food	negative
i ordered the $T$ and it was off flavor .	smoked salmon and roe appetizer	negative
the $T$ are scary !	turkey burgers	negative
do not get the $T$ , no matter what the reviews say .	go go hamburgers	negative
small servings for main entree , i had $T$ ( wasnt impressed ) girlfriend had chicken , it was good .	salmon	negative
small $T$ , i had salmon ( wasnt impressed ) girlfriend had chicken , it was good .	servings for main entree	negative
the $T$ here was mediocre at best .	food	negative
the $T$ kind of feels like an alice in wonderland setting , without it trying to be that .	space	negative
i think the $T$ is so overrated and was under cooked .	pizza	negative
i think the $T$ is so overrated and was under cooked .	pizza	negative
$T$ had tomato or pimentos on top ? ?	chicken teriyaki	negative
the $T$ was not attentive at all .	waitress	negative
my $T$ tasted like it had been made by a three - year old with no sense of proportion or flavor .	quesadilla	negative
my $T$ tasted like it had been made by a three - year old with no sense of proportion or flavor .	quesadilla	negative
$T$ needs to be upgraded but the food is amazing !	decor	negative
the high prices you ' re going to pay is for the view not for the $T$ .	food	negative
rather than preparing $T$ , the chef presented me with a plate of steamed vegetables ( minus sauce , seasoning , or any form or aesthetic presentation ) .	vegetarian dish	negative
rather than preparing $T$ , the chef presented me with a plate of steamed vegetables ( minus sauce , seasoning , or any form or aesthetic presentation ) .	vegetarian dish	negative
rather than preparing vegetarian dish , the $T$ presented me with a plate of steamed vegetables ( minus sauce , seasoning , or any form or aesthetic presentation ) .	chef	negative
the only thing that strikes you is the $T$ ? ( not very pleasant ) .	decor	negative
however , our $ 14 $T$ were were horrible !	drinks	negative
however , our $ 14 $T$ were were horrible !	drinks	negative
the $T$ they serve is not comforting , not appetizing and uncooked .	food	negative
the $T$ they serve is not comforting , not appetizing and uncooked .	food	negative
the $T$ they serve is not comforting , not appetizing and uncooked .	food	negative
single worst $T$ in manhattan	restaurant	negative
how this $T$ survives the competitive west village market in this economy , or any other for that matter , is beyond me .	place	negative
the food and service were fine , however the $T$ was incredibly unwelcoming and arrogant .	maitre - d	negative
the food and service were fine , however the $T$ was incredibly unwelcoming and arrogant .	maitre - d	negative
a word to the wise : you ca n ' t dine here and disturb the $T$ ' s sense of ` ` table turnover ' ' , as whacked as it is , or else .	maitre - d	negative
do n ' t go to this $T$ !	place	negative
the $T$ was stale , the salad was overpriced and empty .	bread	negative
the bread was stale , the $T$ was overpriced and empty .	salad	negative
the bread was stale , the $T$ was overpriced and empty .	salad	negative
shame on this place for the horrible rude $T$ and non - existent customer service .	staff	negative
shame on this place for the horrible rude $T$ and non - existent customer service .	staff	negative
shame on this place for the horrible rude staff and non - existent $T$ .	customer service	negative
the $T$ is belligerent to guests that have a complaint .	owner	negative
the $T$ tasted like sticky sweet donuts and the honey walnut prawns , the few they actually give you . . . . . were not good .	lemon chicken	negative
the lemon chicken tasted like sticky sweet donuts and the $T$ , the few they actually give you . . . . . were not good .	honey walnut prawns	negative
the lemon chicken tasted like sticky sweet donuts and the $T$ , the few they actually give you . . . . . were not good .	honey walnut prawns	negative
nice ambience , but highly overrated $T$ .	place	negative
everyone that sat in the back outside agreed that it was the worst $T$ we had ever received .	service	negative
our $T$ was non - existent and after our food finally arrived over an hour after we ordered , we were not given any water or utensils .	waiter	negative
i complained to the $T$ , but he was not even apologetic .	manager	negative
i liked the atmosphere very much but the $T$ was not worth the price .	food	negative
i liked the atmosphere very much but the $T$ was not worth the price .	food	negative
i may not be a sushi guru but i can tell you that the $T$ here is just okay and that there is not much else to it .	food	negative
$T$ is too dry , tuna was n ' t so fresh either .	rice	negative
rice is too dry , $T$ was n ' t so fresh either .	tuna	negative
however , the value and $T$ are both severely lacking .	service	negative
however , the $T$ and service are both severely lacking .	value	negative
furthermore , while the fish is unquestionably fresh , $T$ tend to be inexplicably bland .	rolls	negative
the $T$ ranges from mediocre to offensive .	service	negative
the $T$ ranges from mediocre to offensive .	service	negative
on a recent trip , our $T$ was extremely dismissive , while no less than three staff members waited hand - and - foot on a pair of japanese girls seated nearby .	waiter	negative
on a recent trip , our waiter was extremely dismissive , while no less than three $T$ waited hand - and - foot on a pair of japanese girls seated nearby .	staff members	negative
the only drawback is that this $T$ is really expensive and the portions are on the small side .	place	negative
the only drawback is that this place is really expensive and the $T$ are on the small side .	portions	negative
– the $T$ was not great & the waiters were rude .	food	negative
– the food was not great & the $T$ were rude .	waiters	negative
the food was great , the margaritas too but the $T$ was too busy being nice to her other larger party than to take better care of my friend and me .	waitress	negative
the only problem is you really have to warm up the $T$ before it ' s edible , even when you order ahead .	pizza	negative
my only negative comment is that i wish the $T$ were a little bigger .	pieces	negative
my g / f and i both agreed the $T$ was very mediocre especially considering the price .	food	negative
my g / f and i both agreed the $T$ was very mediocre especially considering the price .	food	negative
we are locals , and get the feeling the only way this $T$ survives with such average food is because most customers are probably one - time customer tourists .	place	negative
we are locals , and get the feeling the only way this place survives with such average $T$ is because most customers are probably one - time customer tourists .	food	negative
nice $T$ but no spice !	food	negative
the $T$ was all good but it was way too mild .	food	negative
– the food is here is incredible , though the quality is inconsistent during $T$ .	lunch	negative
the only drawback is the crowded $T$ and the slow service .	seating	negative
the only drawback is the crowded seating and the slow $T$ .	service	negative
– my first time to dine at this $T$ was with my son and it was absolutely horrible !	restaurant	negative
i swore never to return for a warm $T$ and mediocre meal .	beer	negative
i swore never to return for a warm beer and mediocre $T$ .	meal	negative
i would go back for the $T$ experience alone .	wine	negative
not the $T$ it once was	place	negative
perhaps now , $T$ falls into the ` ` dive ' ' category .	scooner or later	negative
– it is sad to see a $T$ that was once ` ` the ' ' place to meet and eat for bfast or lunch , now be the place that is a big ` ` dont bother . ' '	place	negative
the $T$ is not what it once was ( potions have seriously seen downsizing ) prices have gone up , and the service is the worst i have experienced anywhere ( including mainland europe ) .	food	negative
the $T$ is not what it once was ( potions have seriously seen downsizing ) prices have gone up , and the service is the worst i have experienced anywhere ( including mainland europe ) .	food	negative
$T$ food is not what it once was ( potions have seriously seen downsizing ) prices have gone up , and the service is the worst i have experienced anywhere ( including mainland europe ) .	the	negative
the food is not what it once was ( potions have seriously seen downsizing ) prices have gone up , and the $T$ is the worst i have experienced anywhere ( including mainland europe ) .	service	negative
what may be interesting to most is the worst sevice / attitude comes from the $T$ of this establishment .	owners	negative
this $T$ really made a marked decline after ( and this is recurring story ) the airing of food televisions ` ` diners , drive - ins , and dives ' ' hosted by guy fieri , in which schooner or later was subject of .	establishment	negative
$T$ was kind of slow , our waitress took forever to give us our check even though it was n ' t that busy .	service	negative
service was kind of slow , our $T$ took forever to give us our check even though it was n ' t that busy .	waitress	negative
good $T$ , high price	sushi	negative
$T$ was limited , but the food made up for it .	space	negative
we stood there for 10 minutes while $T$ walked back and forth ignoring us .	employees	negative
finally , my wife stood face to face in front of one of the $T$ and she asked , ` ` are you waiting for a table ? ' '	staff	negative
the $T$ i ordered had so much lemon i could n ' t eat it .	caesar salad	negative
– this $T$ is unbelievably over - rated .	place	negative
poor $T$ / poor pizza .	customer service	negative
poor customer service / poor $T$ .	pizza	negative
– as with most restaurants in seattle , mioposto ' s $T$ was bad and the food was overpriced .	service	negative
– as with most restaurants in seattle , mioposto ' s service was bad and the $T$ was overpriced .	food	negative
i know many people have their favorite types of $T$ and pizza places , but mioposto ' s pizza lacks quality and good taste .	pizza	negative
to be honest , i ' ve had better frozen $T$ .	pizza	negative
the only positive thing about $T$ is the nice location .	mioposto	negative
the food was ok , but the $T$ was so poor that the food was cold buy the time everyone in my party was served .	service	negative
avoid the $T$	place	negative
when i got there i sat up stairs where the atmosphere was cozy & the $T$ was horrible !	service	negative
we left without ever getting $T$ .	service	negative
great pizza , poor $T$	service	negative
prefer to order it and pick it up though because i do n ' t like the $T$ , one young woman in particular .	servers	negative
prefer to order it and pick it up though because i do n ' t like the servers , one $T$ in particular .	young woman	negative
many people talk about the great pizza and poor $T$ , so it ca n ' t just be the rantings of a few dissatisfied customers .	service	negative
it ' s a great little place with tons of potential to be a neighborhood joint if the $T$ were n ' t so impersonal and corporate - like .	service	negative
chintzy $T$	portions	negative
– the $T$ here is perfectly good , but for $ 5 a piece , either the slices of fish should be larger , or there should be no pretense that this is a moderately priced restaurant ( even for nyc ) .	sushi	negative
– the $T$ here is perfectly good , but for $ 5 a piece , either the slices of fish should be larger , or there should be no pretense that this is a moderately priced restaurant ( even for nyc ) .	sushi	negative
– the $T$ here is perfectly good , but for $ 5 a piece , either the slices of fish should be larger , or there should be no pretense that this is a moderately priced restaurant ( even for nyc ) .	sushi	negative
– the sushi here is perfectly good , but for $ 5 a piece , either the slices of fish should be larger , or there should be no pretense that this is a moderately priced $T$ ( even for nyc ) .	restaurant	negative
terrible $T$ , food ok , pricey	service	negative
$T$ wise , its ok but a bit pricey for what you get considering the restaurant is n ' t a fancy place .	food	negative
if i needed to name some they would include the $T$ to the beach or golden gate park .	location	negative
as usual the $T$ did n ' t disappoint in freshness , although it scored low on creativity and selection .	omikase	negative
very poor $T$ .	customer service	negative
– schooner or later ' s charming location along the marina in long beach and average food does not , unfortunately , compensate for its very poor $T$ .	customer service	negative
while this diner had reasonably good food , the $T$ seemed completely indifferent to our presence , and this attitude was reflected in the lack of service .	restaurant staff	negative
the $T$ was fresh , though it was cut very thin .	fish	negative
the music playing was very hip , 20 - 30 something pop music , but the $T$ was located under my seat , which became annoying midway through dinner .	subwoofer to the sound system	negative
though , one thing i realized later on was that the restaurant either used msg or a meat tenderizer on the $T$ .	steak	negative
the $T$ was a bit unfriendly and the feel of the restaurant was crowded .	waiter	negative
the waiter was a bit unfriendly and the $T$ of the restaurant was crowded .	feel	negative
at best , the $T$ was good and definately overpriced .	food	negative
for the amount of $T$ we got the prices should have been lower .	food	negative
for the amount of $T$ we got the prices should have been lower .	food	negative
i have been to this $T$ , folks and it is bad .	place	negative
maybe it is good for that one night once in a blue moon when the chefs decide to use $T$ that ' s half - way decent .	fish	negative
i have been here , spent tons of money on a $T$ and it was a major dissappointment .	chef special dinner	negative
i have been here , spent tons of money on a $T$ and it was a major dissappointment .	chef special dinner	negative
fancy pieces of $T$ on a $ 100 dollar plate and not one was eatable .	exotic fish	negative
fancy pieces of $T$ on a $ 100 dollar plate and not one was eatable .	exotic fish	negative
fancy pieces of exotic fish on a $ 100 dollar $T$ and not one was eatable .	plate	negative
i have a but here - there was a bathroom attendant in the $T$ which was odd .	restroom	negative
the $T$ itself is very small with two toilets and only one sink , the girl was staying totally on the way hanging out paper towels from the dispenser .	bathroom	negative
the presentation of $T$ is excellent and it is one of those places that you feel more sophisticated just for being there ; but peel back the layers and you have an overpriced ihop with a high brow menu .	snooze	negative
the presentation of $T$ is excellent and it is one of those places that you feel more sophisticated just for being there ; but peel back the layers and you have an overpriced ihop with a high brow menu .	snooze	negative
the presentation of snooze is excellent and it is one of those places that you feel more sophisticated just for being there ; but peel back the layers and you have an overpriced ihop with a high brow $T$ .	menu	negative
to start off , approximately 8 - 10 oz of $T$ will cost you $ 3 .	orange juice	negative
they serve it in a tall , skinny hour - glass shaped glass to disguise the fact that you a getting a small $T$ at the price of a half gallon in a supermarket .	juice	negative
they serve it in a tall , skinny hour - glass shaped glass to disguise the fact that you a getting a small $T$ at the price of a half gallon in a supermarket .	juice	negative
the $T$ were certainly inventive but $ 8 . 50 for 3 - 6 ' ' pancakes ( one of them was more like 5 ' ' ) in the pancake flight ( sample of 3 different pancakes ) is well over - priced .	pancakes	negative
the $T$ should be larger ( at least 8 ' ' ) to justify the expense even with the unique offerings .	pancakes	negative
the $T$ should be larger ( at least 8 ' ' ) to justify the expense even with the unique offerings .	pancakes	negative
on my meal i had to send back my $T$ for a simple request of breaking the yokes before cooking , and would have had to send them back again if i had n ' t rejected the meal all together .	eggs	negative
on my $T$ i had to send back my eggs for a simple request of breaking the yokes before cooking , and would have had to send them back again if i had n ' t rejected the meal all together .	meal	negative
i rejected it because in the process of attempting to fix the eggs they broke something else in the $T$ and i was too frustrated to continue .	dish	negative
in the end our check came to $ 27 for 4 small $T$ , a breakfast burrito , an orange juice and an iced tea ( i had water ) .	pancakes	negative
in the end our check came to $ 27 for 4 small $T$ , a breakfast burrito , an orange juice and an iced tea ( i had water ) .	pancakes	negative
in the end our check came to $ 27 for 4 small pancakes , a $T$ , an orange juice and an iced tea ( i had water ) .	breakfast burrito	negative
in the end our check came to $ 27 for 4 small pancakes , a breakfast burrito , an $T$ and an iced tea ( i had water ) .	orange juice	negative
in the end our check came to $ 27 for 4 small pancakes , a breakfast burrito , an orange juice and an $T$ ( i had water ) .	iced tea	negative
– i was highly disappointed in the $T$ at pagoda .	food	negative
sunday afternoons there is a $T$ playing and it is lots of fun .	band	negative
i hope one day $T$ returns to what it once was .	scooner or later	negative
well i guess it ' s hard to be seated when one is invisible to the $T$ .	staff	negative
we had a very hard time getting the $T$ ' attention and finally had to get up and go inside to speak to a manager .	waitress	negative
as it turns out the $T$ was seated right next to us and when he came over to check on our problems was very dismissive and offered a token 20 % discount on our bill .	owner	negative
i went home & looked them up online again where i discovered there is a link for a give away that does n ' t work so emailed the $T$ about the non existent service & deceptive link .	restaurant	negative
after sitting at the bar for over 20 minutes the $T$ had made only 2 drinks & kept telling us she ' d be right with us .	bar keep	negative
$T$ should really take notice and train their waitstaff and teach them some proper manners .	management	negative
management should really take notice and train their $T$ and teach them some proper manners .	waitstaff	negative
i ' m astonished that this $T$ is categorized as $ $ $ rather than $ $ $ $ .	restaurant	negative
in other words , if they are n ' t making $ $ off of you then you do n ' t rate high on their ' $T$ scale ' .	service	negative
a brief conversation with the $T$ at the end of the meal was the greatest disappointment - - to say we had been ` ` blown off ' ' would be an understatement .	manager	negative
the $T$ continually interrupted with ` ` is there anything else i can do for you ? ` ` , a strange comment because she had hardly listened , let alone responded to our expression of disappointment at our experience .	manager	negative
i do n ' t know why anyone would want to write a great review about this $T$ .	place	negative
although the $T$ could be improved considering the money you put in .	service	negative
our drinks kept coming but our $T$ came by a couple times .	server	negative
to their credit they removed the dish from the check ; but no $T$ stopped by to ask what the problem was .	manager	negative
